Feature,Coefficient
loan_term,-1.4731695955641129
loan_age_months,0.5833963894438369
program_P3,-0.2514918744293815
program_P2,-0.1047361093925887
